-- phpMyAdmin SQL Dump
-- version 5.0.2
-- https://www.phpmyadmin.net/
--
-- Host: 127.0.0.1
-- Generation Time: Jul 18, 2021 at 08:00 AM
-- Server version: 10.4.14-MariaDB
-- PHP Version: 7.4.10

SET SQL_MODE = "NO_AUTO_VALUE_ON_ZERO";
START TRANSACTION;
SET time_zone = "+00:00";


/*!40101 SET @OLD_CHARACTER_SET_CLIENT=@@CHARACTER_SET_CLIENT */;
/*!40101 SET @OLD_CHARACTER_SET_RESULTS=@@CHARACTER_SET_RESULTS */;
/*!40101 SET @OLD_COLLATION_CONNECTION=@@COLLATION_CONNECTION */;
/*!40101 SET NAMES utf8mb4 */;

--
-- Database: `omnify`
--

-- --------------------------------------------------------

--
-- Table structure for table `failed_jobs`
--

CREATE TABLE `failed_jobs` (
  `id` bigint(20) UNSIGNED NOT NULL,
  `uuid` varchar(255) COLLATE utf8mb4_unicode_ci NOT NULL,
  `connection` text COLLATE utf8mb4_unicode_ci NOT NULL,
  `queue` text COLLATE utf8mb4_unicode_ci NOT NULL,
  `payload` longtext COLLATE utf8mb4_unicode_ci NOT NULL,
  `exception` longtext COLLATE utf8mb4_unicode_ci NOT NULL,
  `failed_at` timestamp NOT NULL DEFAULT current_timestamp()
) ENGINE=InnoDB DEFAULT CHARSET=utf8mb4 COLLATE=utf8mb4_unicode_ci;

-- --------------------------------------------------------

--
-- Table structure for table `migrations`
--

CREATE TABLE `migrations` (
  `id` int(10) UNSIGNED NOT NULL,
  `migration` varchar(255) COLLATE utf8mb4_unicode_ci NOT NULL,
  `batch` int(11) NOT NULL
) ENGINE=InnoDB DEFAULT CHARSET=utf8mb4 COLLATE=utf8mb4_unicode_ci;

--
-- Dumping data for table `migrations`
--

INSERT INTO `migrations` (`id`, `migration`, `batch`) VALUES
(1, '2014_10_12_000000_create_users_table', 1),
(2, '2014_10_12_100000_create_password_resets_table', 1),
(3, '2019_08_19_000000_create_failed_jobs_table', 1);

-- --------------------------------------------------------

--
-- Table structure for table `password_resets`
--

CREATE TABLE `password_resets` (
  `email` varchar(255) COLLATE utf8mb4_unicode_ci NOT NULL,
  `token` varchar(255) COLLATE utf8mb4_unicode_ci NOT NULL,
  `created_at` timestamp NULL DEFAULT NULL
) ENGINE=InnoDB DEFAULT CHARSET=utf8mb4 COLLATE=utf8mb4_unicode_ci;

-- --------------------------------------------------------

--
-- Table structure for table `reservations`
--

CREATE TABLE `reservations` (
  `id` mediumint(9) NOT NULL,
  `user_id` mediumint(9) DEFAULT NULL,
  `reservation_timestamp_utc` int(11) DEFAULT 0
) ENGINE=InnoDB DEFAULT CHARSET=utf8mb4;

--
-- Dumping data for table `reservations`
--

INSERT INTO `reservations` (`id`, `user_id`, `reservation_timestamp_utc`) VALUES
(1, 4, 1596589273),
(2, 5, 1596024541),
(3, 4, 1596975314),
(4, 5, 1596961489),
(5, 3, 1592393508),
(6, 4, 1592552751),
(7, 6, 1597594909),
(8, 4, 1593111020),
(9, 6, 1591526000),
(10, 4, 1597235260),
(11, 6, 1594925366),
(12, 6, 1596973100),
(13, 3, 1593208668),
(14, 2, 1597884071),
(15, 1, 1596173998),
(16, 1, 1596724914),
(17, 1, 1596888388),
(18, 6, 1593645519),
(19, 1, 1597155514),
(20, 5, 1593151486),
(21, 2, 1591968046),
(22, 4, 1593826782),
(23, 2, 1592309813),
(24, 5, 1591067171),
(25, 5, 1591329053),
(26, 2, 1595989351),
(27, 3, 1594351086),
(28, 3, 1594685530),
(29, 3, 1594590438),
(30, 6, 1598167846),
(31, 3, 1596554085),
(32, 6, 1594184365),
(33, 6, 1596179679),
(34, 6, 1598511613),
(35, 5, 1597965564),
(36, 1, 1592959197),
(37, 5, 1592169525),
(38, 5, 1597840332),
(39, 1, 1598508175),
(40, 1, 1592872332),
(41, 5, 1596690652),
(42, 4, 1592056128),
(43, 2, 1596657842),
(44, 1, 1596815688),
(45, 3, 1592929570),
(46, 1, 1593231824),
(47, 6, 1598130258),
(48, 1, 1595506489),
(49, 3, 1595579296),
(50, 1, 1596237180),
(51, 1, 1592842063),
(52, 4, 1591203625),
(53, 3, 1596857675),
(54, 1, 1592939241),
(55, 1, 1595421641),
(56, 1, 1598633605),
(57, 6, 1592388362),
(58, 6, 1591159024),
(59, 3, 1597785990),
(60, 3, 1596971534),
(61, 2, 1597472018),
(62, 3, 1593944469),
(63, 4, 1598229845),
(64, 6, 1593379067),
(65, 6, 1597930092),
(66, 2, 1591132843),
(67, 1, 1598535420),
(68, 6, 1597701319),
(69, 1, 1593047784),
(70, 3, 1594115529),
(71, 6, 1593474480),
(72, 5, 1591335442),
(73, 5, 1592674041),
(74, 2, 1596834868),
(75, 5, 1591289555),
(76, 6, 1594193730),
(77, 3, 1591009407),
(78, 1, 1593091216),
(79, 5, 1595664807),
(80, 2, 1597989991),
(81, 6, 1598367327),
(82, 4, 1596017994),
(83, 1, 1597465785),
(84, 3, 1594810202),
(85, 3, 1592469020),
(86, 3, 1591880825),
(87, 1, 1598340130),
(88, 6, 1597235811),
(89, 1, 1592300525),
(90, 4, 1597221808),
(91, 5, 1591448313),
(92, 1, 1594650725),
(93, 1, 1591929689),
(94, 5, 1598614380),
(95, 4, 1595994349),
(96, 3, 1593177752),
(97, 1, 1591170415),
(98, 4, 1595614376),
(99, 2, 1596638084),
(100, 2, 1596621710),
(101, 3, 1625529600),
(102, 5, 1625529600),
(103, 2, 1625529600),
(104, 2, 1625616000),
(105, 2, 1625702400),
(106, 2, 1626947400),
(107, 1, 1626602160),
(108, 1, 1626602220),
(109, 1, 1626602280);

-- --------------------------------------------------------

--
-- Table structure for table `restriction_setting`
--

CREATE TABLE `restriction_setting` (
  `id` int(11) NOT NULL,
  `n` int(11) DEFAULT NULL,
  `d` enum('day','week','month') DEFAULT 'day',
  `g` enum('individual','group') DEFAULT 'group',
  `tz` char(255) DEFAULT 'UTC'
) ENGINE=InnoDB DEFAULT CHARSET=utf8mb4;

--
-- Dumping data for table `restriction_setting`
--

INSERT INTO `restriction_setting` (`id`, `n`, `d`, `g`, `tz`) VALUES
(1, 22, 'day', 'individual', 'tre');

-- --------------------------------------------------------

--
-- Table structure for table `users`
--

CREATE TABLE `users` (
  `id` bigint(20) UNSIGNED NOT NULL,
  `name` varchar(255) COLLATE utf8mb4_unicode_ci NOT NULL,
  `email` varchar(255) COLLATE utf8mb4_unicode_ci NOT NULL,
  `email_verified_at` timestamp NULL DEFAULT NULL,
  `password` varchar(255) COLLATE utf8mb4_unicode_ci NOT NULL,
  `remember_token` varchar(100) COLLATE utf8mb4_unicode_ci DEFAULT NULL,
  `created_at` timestamp NULL DEFAULT NULL,
  `updated_at` timestamp NULL DEFAULT NULL
) ENGINE=InnoDB DEFAULT CHARSET=utf8mb4 COLLATE=utf8mb4_unicode_ci;

--
-- Dumping data for table `users`
--

INSERT INTO `users` (`id`, `name`, `email`, `email_verified_at`, `password`, `remember_token`, `created_at`, `updated_at`) VALUES
(1, 'Guido Keeling III', 'quincy.padberg@example.com', '2021-07-17 02:39:37', '$2y$10$92IXUNpkjO0rOQ5byMi.Ye4oKoEa3Ro9llC/.og/at2.uheWG/igi', '5ecNvP9iHa', '2021-07-17 02:39:37', '2021-07-17 02:39:37'),
(2, 'Gordon Reichert', 'huel.edna@example.org', '2021-07-17 02:39:37', '$2y$10$92IXUNpkjO0rOQ5byMi.Ye4oKoEa3Ro9llC/.og/at2.uheWG/igi', '3CL5ug9Yxh', '2021-07-17 02:39:37', '2021-07-17 02:39:37'),
(3, 'Gustave Marks', 'jaylan98@example.com', '2021-07-17 02:39:37', '$2y$10$92IXUNpkjO0rOQ5byMi.Ye4oKoEa3Ro9llC/.og/at2.uheWG/igi', 'fbeZFTVXzt', '2021-07-17 02:39:37', '2021-07-17 02:39:37'),
(4, 'Dr. Davion Witting PhD', 'madaline93@example.org', '2021-07-17 02:39:37', '$2y$10$92IXUNpkjO0rOQ5byMi.Ye4oKoEa3Ro9llC/.og/at2.uheWG/igi', 'Z3LonS4QAM', '2021-07-17 02:39:37', '2021-07-17 02:39:37'),
(5, 'Roel Boehm IV', 'cordell73@example.net', '2021-07-17 02:39:37', '$2y$10$92IXUNpkjO0rOQ5byMi.Ye4oKoEa3Ro9llC/.og/at2.uheWG/igi', 'tBg9gpi3Ze', '2021-07-17 02:39:37', '2021-07-17 02:39:37'),
(6, 'Myriam Gusikowski', 'ned.erdman@example.net', '2021-07-17 02:39:37', '$2y$10$92IXUNpkjO0rOQ5byMi.Ye4oKoEa3Ro9llC/.og/at2.uheWG/igi', 'TzfvEdsazS', '2021-07-17 02:39:37', '2021-07-17 02:39:37'),
(7, 'Cydney Hills', 'trevion36@example.org', '2021-07-17 02:39:37', '$2y$10$92IXUNpkjO0rOQ5byMi.Ye4oKoEa3Ro9llC/.og/at2.uheWG/igi', 'SIFUC09zXu', '2021-07-17 02:39:37', '2021-07-17 02:39:37'),
(8, 'Mrs. Litzy Renner', 'reinger.cristopher@example.net', '2021-07-17 02:39:37', '$2y$10$92IXUNpkjO0rOQ5byMi.Ye4oKoEa3Ro9llC/.og/at2.uheWG/igi', 'ThkqnfQeaQ', '2021-07-17 02:39:37', '2021-07-17 02:39:37'),
(9, 'Mustafa Bosco Jr.', 'violette57@example.org', '2021-07-17 02:39:37', '$2y$10$92IXUNpkjO0rOQ5byMi.Ye4oKoEa3Ro9llC/.og/at2.uheWG/igi', 'skaygWcnTR', '2021-07-17 02:39:37', '2021-07-17 02:39:37'),
(10, 'Ms. Glenna Turcotte', 'toni.jerde@example.org', '2021-07-17 02:39:37', '$2y$10$92IXUNpkjO0rOQ5byMi.Ye4oKoEa3Ro9llC/.og/at2.uheWG/igi', 'OIldbfnso9', '2021-07-17 02:39:37', '2021-07-17 02:39:37'),
(11, 'Arnoldo Buckridge', 'hane.danial@example.org', '2021-07-17 02:39:51', '$2y$10$92IXUNpkjO0rOQ5byMi.Ye4oKoEa3Ro9llC/.og/at2.uheWG/igi', 'vLDc1BSkPa', '2021-07-17 02:39:51', '2021-07-17 02:39:51'),
(12, 'Prof. Garett Heathcote', 'bruecker@example.net', '2021-07-17 02:39:51', '$2y$10$92IXUNpkjO0rOQ5byMi.Ye4oKoEa3Ro9llC/.og/at2.uheWG/igi', 'q56OWSP4Bp', '2021-07-17 02:39:51', '2021-07-17 02:39:51'),
(13, 'Ephraim Kautzer', 'zieme.hellen@example.com', '2021-07-17 02:39:51', '$2y$10$92IXUNpkjO0rOQ5byMi.Ye4oKoEa3Ro9llC/.og/at2.uheWG/igi', 'tAFaSL0jkT', '2021-07-17 02:39:51', '2021-07-17 02:39:51'),
(14, 'Elvera Ernser', 'eino.rutherford@example.com', '2021-07-17 02:39:51', '$2y$10$92IXUNpkjO0rOQ5byMi.Ye4oKoEa3Ro9llC/.og/at2.uheWG/igi', 'FYKW8oSGXi', '2021-07-17 02:39:51', '2021-07-17 02:39:51'),
(15, 'Wyman Bailey', 'maxime14@example.com', '2021-07-17 02:39:51', '$2y$10$92IXUNpkjO0rOQ5byMi.Ye4oKoEa3Ro9llC/.og/at2.uheWG/igi', 'S9vMkO30Us', '2021-07-17 02:39:51', '2021-07-17 02:39:51'),
(16, 'Rudy Mitchell', 'gutkowski.asa@example.org', '2021-07-17 02:39:51', '$2y$10$92IXUNpkjO0rOQ5byMi.Ye4oKoEa3Ro9llC/.og/at2.uheWG/igi', 'W5qsyl6D7m', '2021-07-17 02:39:51', '2021-07-17 02:39:51'),
(17, 'Wade Abernathy III', 'jamel.bauch@example.org', '2021-07-17 02:39:51', '$2y$10$92IXUNpkjO0rOQ5byMi.Ye4oKoEa3Ro9llC/.og/at2.uheWG/igi', 's4lJbDTScA', '2021-07-17 02:39:51', '2021-07-17 02:39:51'),
(18, 'Marlee Prohaska DVM', 'damore.viola@example.net', '2021-07-17 02:39:51', '$2y$10$92IXUNpkjO0rOQ5byMi.Ye4oKoEa3Ro9llC/.og/at2.uheWG/igi', 'oVHwg6lZee', '2021-07-17 02:39:51', '2021-07-17 02:39:51'),
(19, 'Margarita Parisian', 'emelie13@example.org', '2021-07-17 02:39:51', '$2y$10$92IXUNpkjO0rOQ5byMi.Ye4oKoEa3Ro9llC/.og/at2.uheWG/igi', 'dU5D43ojMa', '2021-07-17 02:39:51', '2021-07-17 02:39:51'),
(20, 'Letitia Doyle', 'natalie.goldner@example.net', '2021-07-17 02:39:51', '$2y$10$92IXUNpkjO0rOQ5byMi.Ye4oKoEa3Ro9llC/.og/at2.uheWG/igi', 'EC0ZfOeUCx', '2021-07-17 02:39:51', '2021-07-17 02:39:51'),
(21, 'Broderick Leannon', 'monahan.mertie@example.com', '2021-07-17 02:39:51', '$2y$10$92IXUNpkjO0rOQ5byMi.Ye4oKoEa3Ro9llC/.og/at2.uheWG/igi', 'AXL0n1wEYR', '2021-07-17 02:39:51', '2021-07-17 02:39:51'),
(22, 'Pauline Osinski', 'zelda.wyman@example.net', '2021-07-17 02:39:51', '$2y$10$92IXUNpkjO0rOQ5byMi.Ye4oKoEa3Ro9llC/.og/at2.uheWG/igi', '8agmFPkmzk', '2021-07-17 02:39:51', '2021-07-17 02:39:51'),
(23, 'Alysa Lemke', 'nathanial.gerhold@example.com', '2021-07-17 02:39:51', '$2y$10$92IXUNpkjO0rOQ5byMi.Ye4oKoEa3Ro9llC/.og/at2.uheWG/igi', 'fjNLfgsQZO', '2021-07-17 02:39:51', '2021-07-17 02:39:51'),
(24, 'Rudolph Hagenes', 'genesis.harvey@example.org', '2021-07-17 02:39:51', '$2y$10$92IXUNpkjO0rOQ5byMi.Ye4oKoEa3Ro9llC/.og/at2.uheWG/igi', 'UVew38n7p4', '2021-07-17 02:39:51', '2021-07-17 02:39:51'),
(25, 'Preston Lehner', 'ciara76@example.net', '2021-07-17 02:39:51', '$2y$10$92IXUNpkjO0rOQ5byMi.Ye4oKoEa3Ro9llC/.og/at2.uheWG/igi', 'IUIclIeSEG', '2021-07-17 02:39:51', '2021-07-17 02:39:51'),
(26, 'Mrs. Jolie Hintz', 'kstanton@example.com', '2021-07-17 02:39:51', '$2y$10$92IXUNpkjO0rOQ5byMi.Ye4oKoEa3Ro9llC/.og/at2.uheWG/igi', '1MJ2Y6r4Nv', '2021-07-17 02:39:51', '2021-07-17 02:39:51'),
(27, 'Prof. Margaretta Kris DDS', 'nicola99@example.net', '2021-07-17 02:39:51', '$2y$10$92IXUNpkjO0rOQ5byMi.Ye4oKoEa3Ro9llC/.og/at2.uheWG/igi', 'gyIXgVxD3Y', '2021-07-17 02:39:51', '2021-07-17 02:39:51'),
(28, 'Camren Runte II', 'scot40@example.net', '2021-07-17 02:39:51', '$2y$10$92IXUNpkjO0rOQ5byMi.Ye4oKoEa3Ro9llC/.og/at2.uheWG/igi', 'owAqvQiNPB', '2021-07-17 02:39:51', '2021-07-17 02:39:51'),
(29, 'Irving Senger', 'mayer.terrence@example.net', '2021-07-17 02:39:51', '$2y$10$92IXUNpkjO0rOQ5byMi.Ye4oKoEa3Ro9llC/.og/at2.uheWG/igi', '5T95eFneMj', '2021-07-17 02:39:51', '2021-07-17 02:39:51'),
(30, 'Mavis Schuster', 'ned.runolfsdottir@example.net', '2021-07-17 02:39:51', '$2y$10$92IXUNpkjO0rOQ5byMi.Ye4oKoEa3Ro9llC/.og/at2.uheWG/igi', 'cfAiPBZ3ea', '2021-07-17 02:39:51', '2021-07-17 02:39:51'),
(31, 'Dr. Daron Adams II', 'barrett.mcglynn@example.org', '2021-07-17 02:39:51', '$2y$10$92IXUNpkjO0rOQ5byMi.Ye4oKoEa3Ro9llC/.og/at2.uheWG/igi', 'dcI3A0sN3z', '2021-07-17 02:39:51', '2021-07-17 02:39:51'),
(32, 'Miss Myrtice Wiza IV', 'dach.delphine@example.org', '2021-07-17 02:39:51', '$2y$10$92IXUNpkjO0rOQ5byMi.Ye4oKoEa3Ro9llC/.og/at2.uheWG/igi', 'ltQekF4Hlu', '2021-07-17 02:39:51', '2021-07-17 02:39:51'),
(33, 'Lisa McCullough', 'joanie.murphy@example.org', '2021-07-17 02:39:51', '$2y$10$92IXUNpkjO0rOQ5byMi.Ye4oKoEa3Ro9llC/.og/at2.uheWG/igi', 'BowmQmgdK7', '2021-07-17 02:39:51', '2021-07-17 02:39:51'),
(34, 'Randy Kerluke', 'stanford.kovacek@example.com', '2021-07-17 02:39:51', '$2y$10$92IXUNpkjO0rOQ5byMi.Ye4oKoEa3Ro9llC/.og/at2.uheWG/igi', 'GRpHYC5yIw', '2021-07-17 02:39:51', '2021-07-17 02:39:51'),
(35, 'Zechariah Langworth IV', 'lstroman@example.com', '2021-07-17 02:39:51', '$2y$10$92IXUNpkjO0rOQ5byMi.Ye4oKoEa3Ro9llC/.og/at2.uheWG/igi', 'Mr2QIp2nkL', '2021-07-17 02:39:51', '2021-07-17 02:39:51'),
(36, 'Alexandra Klocko', 'dan59@example.net', '2021-07-17 02:39:51', '$2y$10$92IXUNpkjO0rOQ5byMi.Ye4oKoEa3Ro9llC/.og/at2.uheWG/igi', 'jcPaclzptk', '2021-07-17 02:39:51', '2021-07-17 02:39:51'),
(37, 'Mr. Sean Leuschke MD', 'otilia.abernathy@example.com', '2021-07-17 02:39:51', '$2y$10$92IXUNpkjO0rOQ5byMi.Ye4oKoEa3Ro9llC/.og/at2.uheWG/igi', 'fN3JDWgN0d', '2021-07-17 02:39:51', '2021-07-17 02:39:51'),
(38, 'Hailey Dickinson MD', 'rheaney@example.org', '2021-07-17 02:39:51', '$2y$10$92IXUNpkjO0rOQ5byMi.Ye4oKoEa3Ro9llC/.og/at2.uheWG/igi', 'Pvi9tbH4EC', '2021-07-17 02:39:51', '2021-07-17 02:39:51'),
(39, 'Breana Steuber MD', 'alda.haag@example.com', '2021-07-17 02:39:51', '$2y$10$92IXUNpkjO0rOQ5byMi.Ye4oKoEa3Ro9llC/.og/at2.uheWG/igi', '8zE1RoBmaH', '2021-07-17 02:39:51', '2021-07-17 02:39:51'),
(40, 'Jason Bogisich', 'mrice@example.org', '2021-07-17 02:39:51', '$2y$10$92IXUNpkjO0rOQ5byMi.Ye4oKoEa3Ro9llC/.og/at2.uheWG/igi', 'kGDoV2aXP9', '2021-07-17 02:39:51', '2021-07-17 02:39:51'),
(41, 'Trudie Hoppe', 'cyrus82@example.net', '2021-07-17 02:39:51', '$2y$10$92IXUNpkjO0rOQ5byMi.Ye4oKoEa3Ro9llC/.og/at2.uheWG/igi', 'srd9xiYZ8E', '2021-07-17 02:39:51', '2021-07-17 02:39:51'),
(42, 'Anissa Maggio V', 'donnelly.bryon@example.org', '2021-07-17 02:39:51', '$2y$10$92IXUNpkjO0rOQ5byMi.Ye4oKoEa3Ro9llC/.og/at2.uheWG/igi', 'hiOTKrIQog', '2021-07-17 02:39:51', '2021-07-17 02:39:51'),
(43, 'Abbie Goyette', 'eileen.pouros@example.org', '2021-07-17 02:39:51', '$2y$10$92IXUNpkjO0rOQ5byMi.Ye4oKoEa3Ro9llC/.og/at2.uheWG/igi', 'IpjthpCNUv', '2021-07-17 02:39:51', '2021-07-17 02:39:51'),
(44, 'Wilber Padberg', 'heathcote.chadrick@example.com', '2021-07-17 02:39:51', '$2y$10$92IXUNpkjO0rOQ5byMi.Ye4oKoEa3Ro9llC/.og/at2.uheWG/igi', 'uXXfVGSwdK', '2021-07-17 02:39:51', '2021-07-17 02:39:51'),
(45, 'Calista Harris', 'tmitchell@example.com', '2021-07-17 02:39:51', '$2y$10$92IXUNpkjO0rOQ5byMi.Ye4oKoEa3Ro9llC/.og/at2.uheWG/igi', '4j6VqyKMuM', '2021-07-17 02:39:51', '2021-07-17 02:39:51'),
(46, 'Joannie Ankunding DVM', 'loreilly@example.org', '2021-07-17 02:39:51', '$2y$10$92IXUNpkjO0rOQ5byMi.Ye4oKoEa3Ro9llC/.og/at2.uheWG/igi', 'N2oZJOVsY4', '2021-07-17 02:39:51', '2021-07-17 02:39:51'),
(47, 'Roscoe Schaden', 'annetta.schmidt@example.net', '2021-07-17 02:39:51', '$2y$10$92IXUNpkjO0rOQ5byMi.Ye4oKoEa3Ro9llC/.og/at2.uheWG/igi', 'vVLpmHGWYx', '2021-07-17 02:39:51', '2021-07-17 02:39:51'),
(48, 'Miss Alyce Kuhlman', 'weldon.turner@example.org', '2021-07-17 02:39:51', '$2y$10$92IXUNpkjO0rOQ5byMi.Ye4oKoEa3Ro9llC/.og/at2.uheWG/igi', 'P4NtBlM0nH', '2021-07-17 02:39:51', '2021-07-17 02:39:51'),
(49, 'Mr. Alessandro Kuvalis', 'marjory.wisoky@example.net', '2021-07-17 02:39:51', '$2y$10$92IXUNpkjO0rOQ5byMi.Ye4oKoEa3Ro9llC/.og/at2.uheWG/igi', 'eGaBRFU25s', '2021-07-17 02:39:51', '2021-07-17 02:39:51'),
(50, 'Ms. Jane O\'Kon I', 'schinner.johnnie@example.net', '2021-07-17 02:39:51', '$2y$10$92IXUNpkjO0rOQ5byMi.Ye4oKoEa3Ro9llC/.og/at2.uheWG/igi', 'LuOy1h4R3O', '2021-07-17 02:39:51', '2021-07-17 02:39:51'),
(51, 'Dr. Ellie Gerhold DVM', 'skshlerin@example.com', '2021-07-17 02:39:51', '$2y$10$92IXUNpkjO0rOQ5byMi.Ye4oKoEa3Ro9llC/.og/at2.uheWG/igi', 'LqoDPdseTk', '2021-07-17 02:39:51', '2021-07-17 02:39:51'),
(52, 'Jeramie Langosh', 'adelbert.connelly@example.org', '2021-07-17 02:39:51', '$2y$10$92IXUNpkjO0rOQ5byMi.Ye4oKoEa3Ro9llC/.og/at2.uheWG/igi', 'WE3owmqJ9T', '2021-07-17 02:39:51', '2021-07-17 02:39:51'),
(53, 'Derrick Renner', 'chet.hintz@example.com', '2021-07-17 02:39:51', '$2y$10$92IXUNpkjO0rOQ5byMi.Ye4oKoEa3Ro9llC/.og/at2.uheWG/igi', 'gHsYNBMGQP', '2021-07-17 02:39:51', '2021-07-17 02:39:51'),
(54, 'Alexys Batz', 'mitchel71@example.org', '2021-07-17 02:39:51', '$2y$10$92IXUNpkjO0rOQ5byMi.Ye4oKoEa3Ro9llC/.og/at2.uheWG/igi', 'l5BpdpWLl8', '2021-07-17 02:39:51', '2021-07-17 02:39:51'),
(55, 'Giovanna Ward', 'richard.reichel@example.org', '2021-07-17 02:39:51', '$2y$10$92IXUNpkjO0rOQ5byMi.Ye4oKoEa3Ro9llC/.og/at2.uheWG/igi', 'FrzcHC7fv7', '2021-07-17 02:39:51', '2021-07-17 02:39:51'),
(56, 'Asa Lesch', 'zswaniawski@example.net', '2021-07-17 02:39:51', '$2y$10$92IXUNpkjO0rOQ5byMi.Ye4oKoEa3Ro9llC/.og/at2.uheWG/igi', 'WxQ31bbjsk', '2021-07-17 02:39:51', '2021-07-17 02:39:51'),
(57, 'Koby Okuneva', 'makenzie19@example.com', '2021-07-17 02:39:51', '$2y$10$92IXUNpkjO0rOQ5byMi.Ye4oKoEa3Ro9llC/.og/at2.uheWG/igi', 'joJg19bGEd', '2021-07-17 02:39:51', '2021-07-17 02:39:51'),
(58, 'Prof. Pansy VonRueden MD', 'americo42@example.org', '2021-07-17 02:39:51', '$2y$10$92IXUNpkjO0rOQ5byMi.Ye4oKoEa3Ro9llC/.og/at2.uheWG/igi', 'FsYvzq9Vzn', '2021-07-17 02:39:51', '2021-07-17 02:39:51'),
(59, 'Kelli Hodkiewicz', 'kbogan@example.net', '2021-07-17 02:39:51', '$2y$10$92IXUNpkjO0rOQ5byMi.Ye4oKoEa3Ro9llC/.og/at2.uheWG/igi', 'zseGNSfPBd', '2021-07-17 02:39:51', '2021-07-17 02:39:51'),
(60, 'Mr. Malcolm Jast DDS', 'chad32@example.net', '2021-07-17 02:39:51', '$2y$10$92IXUNpkjO0rOQ5byMi.Ye4oKoEa3Ro9llC/.og/at2.uheWG/igi', 'wODLLoVj0V', '2021-07-17 02:39:51', '2021-07-17 02:39:51'),
(61, 'Mr. Kellen Bayer DVM', 'ollie87@example.org', '2021-07-17 02:39:51', '$2y$10$92IXUNpkjO0rOQ5byMi.Ye4oKoEa3Ro9llC/.og/at2.uheWG/igi', 'cEnuyjrrYs', '2021-07-17 02:39:51', '2021-07-17 02:39:51'),
(62, 'Mr. Dameon Casper DDS', 'elissa48@example.org', '2021-07-17 02:39:51', '$2y$10$92IXUNpkjO0rOQ5byMi.Ye4oKoEa3Ro9llC/.og/at2.uheWG/igi', 'VNB7Xh5jB2', '2021-07-17 02:39:51', '2021-07-17 02:39:51'),
(63, 'Jazlyn Renner', 'trantow.katelin@example.org', '2021-07-17 02:39:51', '$2y$10$92IXUNpkjO0rOQ5byMi.Ye4oKoEa3Ro9llC/.og/at2.uheWG/igi', '0ynSKarSPR', '2021-07-17 02:39:51', '2021-07-17 02:39:51'),
(64, 'Blanche Bradtke', 'kelsie58@example.net', '2021-07-17 02:39:51', '$2y$10$92IXUNpkjO0rOQ5byMi.Ye4oKoEa3Ro9llC/.og/at2.uheWG/igi', 'HgRSql5xGL', '2021-07-17 02:39:51', '2021-07-17 02:39:51'),
(65, 'Newton Bernhard', 'cameron58@example.org', '2021-07-17 02:39:51', '$2y$10$92IXUNpkjO0rOQ5byMi.Ye4oKoEa3Ro9llC/.og/at2.uheWG/igi', 'iNXD9IZbzF', '2021-07-17 02:39:51', '2021-07-17 02:39:51'),
(66, 'Deshawn Hills DVM', 'colten77@example.org', '2021-07-17 02:39:51', '$2y$10$92IXUNpkjO0rOQ5byMi.Ye4oKoEa3Ro9llC/.og/at2.uheWG/igi', 'TCaoVwRqE5', '2021-07-17 02:39:51', '2021-07-17 02:39:51'),
(67, 'Prof. Katarina Bogan', 'towne.augustine@example.org', '2021-07-17 02:39:51', '$2y$10$92IXUNpkjO0rOQ5byMi.Ye4oKoEa3Ro9llC/.og/at2.uheWG/igi', 'rPvbTtFjgT', '2021-07-17 02:39:51', '2021-07-17 02:39:51'),
(68, 'Juana Shanahan', 'caleigh78@example.com', '2021-07-17 02:39:51', '$2y$10$92IXUNpkjO0rOQ5byMi.Ye4oKoEa3Ro9llC/.og/at2.uheWG/igi', 'F48GXlWv6F', '2021-07-17 02:39:51', '2021-07-17 02:39:51'),
(69, 'Mrs. Queenie Jerde', 'kenneth91@example.com', '2021-07-17 02:39:51', '$2y$10$92IXUNpkjO0rOQ5byMi.Ye4oKoEa3Ro9llC/.og/at2.uheWG/igi', 'Y7IpSIrB1q', '2021-07-17 02:39:51', '2021-07-17 02:39:51'),
(70, 'Brendon Rau', 'vschneider@example.net', '2021-07-17 02:39:51', '$2y$10$92IXUNpkjO0rOQ5byMi.Ye4oKoEa3Ro9llC/.og/at2.uheWG/igi', 'sOVojQ535x', '2021-07-17 02:39:51', '2021-07-17 02:39:51'),
(71, 'Reanna Rowe MD', 'block.shea@example.net', '2021-07-17 02:39:51', '$2y$10$92IXUNpkjO0rOQ5byMi.Ye4oKoEa3Ro9llC/.og/at2.uheWG/igi', 'c8d5JFJuGw', '2021-07-17 02:39:51', '2021-07-17 02:39:51'),
(72, 'Mrs. Bulah Treutel III', 'cordell.kozey@example.com', '2021-07-17 02:39:51', '$2y$10$92IXUNpkjO0rOQ5byMi.Ye4oKoEa3Ro9llC/.og/at2.uheWG/igi', 'Ue2d8H1GWJ', '2021-07-17 02:39:51', '2021-07-17 02:39:51'),
(73, 'Beryl Wyman MD', 'becker.emerson@example.com', '2021-07-17 02:39:51', '$2y$10$92IXUNpkjO0rOQ5byMi.Ye4oKoEa3Ro9llC/.og/at2.uheWG/igi', 'exv9DMb2mG', '2021-07-17 02:39:51', '2021-07-17 02:39:51'),
(74, 'Brandy Muller PhD', 'dovie.mckenzie@example.com', '2021-07-17 02:39:51', '$2y$10$92IXUNpkjO0rOQ5byMi.Ye4oKoEa3Ro9llC/.og/at2.uheWG/igi', 'gfs2CiNdSm', '2021-07-17 02:39:51', '2021-07-17 02:39:51'),
(75, 'Eve Kunze', 'loraine39@example.org', '2021-07-17 02:39:51', '$2y$10$92IXUNpkjO0rOQ5byMi.Ye4oKoEa3Ro9llC/.og/at2.uheWG/igi', 'KxWitASBuq', '2021-07-17 02:39:51', '2021-07-17 02:39:51'),
(76, 'Mr. Brycen Keebler IV', 'edgar99@example.net', '2021-07-17 02:39:51', '$2y$10$92IXUNpkjO0rOQ5byMi.Ye4oKoEa3Ro9llC/.og/at2.uheWG/igi', 'NYUtnYsbPb', '2021-07-17 02:39:51', '2021-07-17 02:39:51'),
(77, 'Brandon Hoeger', 'casper.dandre@example.com', '2021-07-17 02:39:51', '$2y$10$92IXUNpkjO0rOQ5byMi.Ye4oKoEa3Ro9llC/.og/at2.uheWG/igi', 'hNItgbX8cF', '2021-07-17 02:39:51', '2021-07-17 02:39:51'),
(78, 'Miss Helen Wehner DVM', 'maureen47@example.net', '2021-07-17 02:39:51', '$2y$10$92IXUNpkjO0rOQ5byMi.Ye4oKoEa3Ro9llC/.og/at2.uheWG/igi', '2xbGEQwH2L', '2021-07-17 02:39:51', '2021-07-17 02:39:51'),
(79, 'Easter Pfannerstill', 'konopelski.lenore@example.com', '2021-07-17 02:39:51', '$2y$10$92IXUNpkjO0rOQ5byMi.Ye4oKoEa3Ro9llC/.og/at2.uheWG/igi', '1wI8wsWwrE', '2021-07-17 02:39:51', '2021-07-17 02:39:51'),
(80, 'Shea Collins', 'nbauch@example.com', '2021-07-17 02:39:51', '$2y$10$92IXUNpkjO0rOQ5byMi.Ye4oKoEa3Ro9llC/.og/at2.uheWG/igi', 'NXr8wdGEph', '2021-07-17 02:39:51', '2021-07-17 02:39:51'),
(81, 'Hilbert Dooley', 'lorna.kovacek@example.org', '2021-07-17 02:39:51', '$2y$10$92IXUNpkjO0rOQ5byMi.Ye4oKoEa3Ro9llC/.og/at2.uheWG/igi', 'dlaf01UbZl', '2021-07-17 02:39:51', '2021-07-17 02:39:51'),
(82, 'Elyssa Stracke', 'katrina.labadie@example.net', '2021-07-17 02:39:51', '$2y$10$92IXUNpkjO0rOQ5byMi.Ye4oKoEa3Ro9llC/.og/at2.uheWG/igi', 'cEpoMWomGs', '2021-07-17 02:39:51', '2021-07-17 02:39:51'),
(83, 'Janet Blick', 'ftrantow@example.com', '2021-07-17 02:39:51', '$2y$10$92IXUNpkjO0rOQ5byMi.Ye4oKoEa3Ro9llC/.og/at2.uheWG/igi', '2GF4X6Nj0U', '2021-07-17 02:39:51', '2021-07-17 02:39:51'),
(84, 'Kattie Ernser', 'ulises42@example.net', '2021-07-17 02:39:51', '$2y$10$92IXUNpkjO0rOQ5byMi.Ye4oKoEa3Ro9llC/.og/at2.uheWG/igi', '7s9UaAzAZl', '2021-07-17 02:39:51', '2021-07-17 02:39:51'),
(85, 'Jaiden Schuppe', 'pollich.leila@example.com', '2021-07-17 02:39:51', '$2y$10$92IXUNpkjO0rOQ5byMi.Ye4oKoEa3Ro9llC/.og/at2.uheWG/igi', 'eJSUTT0lKH', '2021-07-17 02:39:51', '2021-07-17 02:39:51'),
(86, 'Madilyn Tillman', 'jfeest@example.com', '2021-07-17 02:39:51', '$2y$10$92IXUNpkjO0rOQ5byMi.Ye4oKoEa3Ro9llC/.og/at2.uheWG/igi', 'm0INhJlR07', '2021-07-17 02:39:51', '2021-07-17 02:39:51'),
(87, 'Madisyn Windler', 'jordane.hettinger@example.com', '2021-07-17 02:39:51', '$2y$10$92IXUNpkjO0rOQ5byMi.Ye4oKoEa3Ro9llC/.og/at2.uheWG/igi', 'ohFEqlRhoR', '2021-07-17 02:39:51', '2021-07-17 02:39:51'),
(88, 'Dr. Parker Fahey', 'loyal37@example.net', '2021-07-17 02:39:51', '$2y$10$92IXUNpkjO0rOQ5byMi.Ye4oKoEa3Ro9llC/.og/at2.uheWG/igi', '9QV8fK4T3N', '2021-07-17 02:39:51', '2021-07-17 02:39:51'),
(89, 'Miss Elsie Feil DVM', 'cdietrich@example.net', '2021-07-17 02:39:51', '$2y$10$92IXUNpkjO0rOQ5byMi.Ye4oKoEa3Ro9llC/.og/at2.uheWG/igi', 'IvMnVWWEeh', '2021-07-17 02:39:51', '2021-07-17 02:39:51'),
(90, 'Mr. Erling Wilkinson II', 'rkovacek@example.org', '2021-07-17 02:39:51', '$2y$10$92IXUNpkjO0rOQ5byMi.Ye4oKoEa3Ro9llC/.og/at2.uheWG/igi', 'XnTLgyzOlM', '2021-07-17 02:39:51', '2021-07-17 02:39:51'),
(91, 'Noble Renner', 'federico.anderson@example.org', '2021-07-17 02:39:51', '$2y$10$92IXUNpkjO0rOQ5byMi.Ye4oKoEa3Ro9llC/.og/at2.uheWG/igi', 'KlKFtEqrVJ', '2021-07-17 02:39:51', '2021-07-17 02:39:51'),
(92, 'Loma Upton', 'velva16@example.com', '2021-07-17 02:39:51', '$2y$10$92IXUNpkjO0rOQ5byMi.Ye4oKoEa3Ro9llC/.og/at2.uheWG/igi', 'vn8Wk0EuGE', '2021-07-17 02:39:51', '2021-07-17 02:39:51'),
(93, 'Noah Moore', 'howard.torp@example.com', '2021-07-17 02:39:51', '$2y$10$92IXUNpkjO0rOQ5byMi.Ye4oKoEa3Ro9llC/.og/at2.uheWG/igi', 'A8G4nT0Byk', '2021-07-17 02:39:51', '2021-07-17 02:39:51'),
(94, 'Mr. London Green PhD', 'reyes24@example.net', '2021-07-17 02:39:51', '$2y$10$92IXUNpkjO0rOQ5byMi.Ye4oKoEa3Ro9llC/.og/at2.uheWG/igi', 'riAIEwDMIv', '2021-07-17 02:39:51', '2021-07-17 02:39:51'),
(95, 'Axel Yundt', 'upton.grayson@example.org', '2021-07-17 02:39:51', '$2y$10$92IXUNpkjO0rOQ5byMi.Ye4oKoEa3Ro9llC/.og/at2.uheWG/igi', 'GL4vDGWeoa', '2021-07-17 02:39:51', '2021-07-17 02:39:51'),
(96, 'Sabryna Bayer', 'elyse26@example.net', '2021-07-17 02:39:51', '$2y$10$92IXUNpkjO0rOQ5byMi.Ye4oKoEa3Ro9llC/.og/at2.uheWG/igi', 'SFvIVpOnSm', '2021-07-17 02:39:51', '2021-07-17 02:39:51'),
(97, 'Fabiola Goldner', 'taurean03@example.com', '2021-07-17 02:39:51', '$2y$10$92IXUNpkjO0rOQ5byMi.Ye4oKoEa3Ro9llC/.og/at2.uheWG/igi', 'R7pcW50f7y', '2021-07-17 02:39:51', '2021-07-17 02:39:51'),
(98, 'Meredith Haag', 'kconnelly@example.net', '2021-07-17 02:39:51', '$2y$10$92IXUNpkjO0rOQ5byMi.Ye4oKoEa3Ro9llC/.og/at2.uheWG/igi', 'tAAKXvkPcX', '2021-07-17 02:39:51', '2021-07-17 02:39:51'),
(99, 'Jayde Lakin', 'bradtke.addie@example.com', '2021-07-17 02:39:51', '$2y$10$92IXUNpkjO0rOQ5byMi.Ye4oKoEa3Ro9llC/.og/at2.uheWG/igi', 'wU6PyQTHFt', '2021-07-17 02:39:51', '2021-07-17 02:39:51'),
(100, 'Chaz Casper', 'immanuel13@example.net', '2021-07-17 02:39:51', '$2y$10$92IXUNpkjO0rOQ5byMi.Ye4oKoEa3Ro9llC/.og/at2.uheWG/igi', 'Ca8Rs3ThQO', '2021-07-17 02:39:51', '2021-07-17 02:39:51');

--
-- Indexes for dumped tables
--

--
-- Indexes for table `failed_jobs`
--
ALTER TABLE `failed_jobs`
  ADD PRIMARY KEY (`id`),
  ADD UNIQUE KEY `failed_jobs_uuid_unique` (`uuid`);

--
-- Indexes for table `migrations`
--
ALTER TABLE `migrations`
  ADD PRIMARY KEY (`id`);

--
-- Indexes for table `password_resets`
--
ALTER TABLE `password_resets`
  ADD KEY `password_resets_email_index` (`email`);

--
-- Indexes for table `reservations`
--
ALTER TABLE `reservations`
  ADD PRIMARY KEY (`id`);

--
-- Indexes for table `restriction_setting`
--
ALTER TABLE `restriction_setting`
  ADD PRIMARY KEY (`id`);

--
-- Indexes for table `users`
--
ALTER TABLE `users`
  ADD PRIMARY KEY (`id`),
  ADD UNIQUE KEY `users_email_unique` (`email`);

--
-- AUTO_INCREMENT for dumped tables
--

--
-- AUTO_INCREMENT for table `failed_jobs`
--
ALTER TABLE `failed_jobs`
  MODIFY `id` bigint(20) UNSIGNED NOT NULL AUTO_INCREMENT;

--
-- AUTO_INCREMENT for table `migrations`
--
ALTER TABLE `migrations`
  MODIFY `id` int(10) UNSIGNED NOT NULL AUTO_INCREMENT, AUTO_INCREMENT=4;

--
-- AUTO_INCREMENT for table `reservations`
--
ALTER TABLE `reservations`
  MODIFY `id` mediumint(9) NOT NULL AUTO_INCREMENT, AUTO_INCREMENT=110;

--
-- AUTO_INCREMENT for table `users`
--
ALTER TABLE `users`
  MODIFY `id` bigint(20) UNSIGNED NOT NULL AUTO_INCREMENT, AUTO_INCREMENT=101;
COMMIT;

/*!40101 SET CHARACTER_SET_CLIENT=@OLD_CHARACTER_SET_CLIENT */;
/*!40101 SET CHARACTER_SET_RESULTS=@OLD_CHARACTER_SET_RESULTS */;
/*!40101 SET COLLATION_CONNECTION=@OLD_COLLATION_CONNECTION */;
